#id,status,prize,size,rooms,hasEmail,factorPositiveTerms,factorNegativeTerms,factorProfessionalTerms,substandard,provision,kaution
265,1,500.00,43.00,1.00,0,0.00,0.00,0.00,0,0,0,0,0,0,0,0,0,0,0,0,0,0,0,0,0,1,0,0,0,0,0
268,1,690.00,80.00,2.00,0,0.00,0.00,0.00,0,0,1,0,0,0,0,0,0,0,0,1,0,0,0,0,0,0,0,0,0,0,0
278,1,695.00,60.00,2.00,0,0.00,0.00,0.00,0,0,1,0,0,0,0,0,0,0,1,0,1,0,0,0,0,0,1,0,0,0,0
279,1,880.00,88.00,3.00,0,0.00,0.00,0.00,0,0,1,0,0,0,0,0,0,0,0,1,0,0,0,0,0,1,0,1,0,0,0
221,1,600.00,65.00,2.00,0,0.00,0.00,0.00,0,1,1,0,0,0,0,0,0,0,0,1,0,0,0,0,0,1,0,0,0,0,0
251,0,510.00,55.00,2.00,1,0.00,0.00,0.00,0,0,0,0,0,0,0,0,0,0,0,0,0,0,0,1,0,1,1,0,0,0,0
256,1,799.00,70.00,2.00,0,0.00,0.00,0.00,0,0,1,0,0,0,0,0,0,0,0,0,0,0,0,1,0,0,1,0,0,0,0
266,1,1000.00,77.00,3.00,0,0.00,0.00,0.00,0,1,1,0,0,0,0,0,0,0,0,0,0,0,0,0,0,1,0,0,0,0,0
276,0,400.00,45.00,2.00,1,0.00,0.00,0.00,0,0,0,0,0,0,0,0,0,0,1,0,0,0,0,0,0,1,1,0,0,0,0
285,1,1640.00,150.00,4.00,0,0.00,0.00,0.00,0,0,0,0,0,0,0,0,0,0,0,0,0,0,0,0,0,0,1,0,0,0,1
287,0,550.00,65.00,2.00,1,0.00,0.00,0.00,0,0,0,0,0,0,0,0,0,0,0,0,0,0,0,0,0,1,0,0,0,0,0
299,1,875.00,67.00,3.00,0,0.00,0.00,0.00,0,0,0,0,0,0,0,0,0,0,0,0,0,0,0,0,0,1,1,0,0,0,0
303,1,860.00,0.00,0.00,0,0.00,0.00,0.00,0,0,1,0,0,0,0,0,0,0,0,1,1,0,0,0,0,1,0,0,1,1,0
313,1,550.00,55.00,2.00,0,0.00,0.00,0.00,0,0,0,0,0,0,0,0,0,0,0,0,1,0,0,1,0,1,1,0,1,0,0
226,0,450.00,45.00,1.00,0,0.00,0.00,0.00,0,0,0,0,0,0,0,0,0,0,0,0,0,0,0,0,0,0,1,0,0,0,0
227,1,540.00,38.00,1.00,0,0.00,0.00,0.00,0,0,1,0,0,0,0,0,0,0,0,0,0,0,0,0,0,1,1,0,0,0,0
228,1,550.00,43.00,1.50,0,0.00,0.00,0.00,0,0,0,0,0,0,0,0,0,0,0,0,0,0,0,0,0,0,0,0,0,0,0
229,1,495.00,30.00,1.00,0,0.00,0.00,0.00,0,0,1,0,0,0,0,0,0,0,0,0,0,0,0,0,0,1,0,0,0,0,0
230,1,590.00,50.00,1.50,0,0.00,0.00,0.00,0,0,1,0,0,0,0,0,0,0,0,1,0,0,0,0,0,1,1,0,0,0,1
231,1,572.00,40.00,1.00,0,0.00,0.00,0.00,0,1,1,0,0,0,0,0,0,0,0,0,1,0,0,0,0,1,1,0,0,1,0
232,1,380.00,25.00,1.00,0,0.00,0.00,0.00,1,0,1,0,0,0,0,0,0,0,0,0,0,0,0,0,0,1,0,0,0,0,0
233,1,400.00,40.00,1.00,0,0.00,0.00,0.00,0,0,0,0,0,0,0,0,0,0,0,0,0,0,0,0,0,0,0,0,0,0,0
262,1,380.00,25.00,1.00,0,0.00,0.00,0.00,1,0,1,0,0,0,0,0,0,0,0,0,0,0,0,0,0,1,1,0,0,0,0
264,0,400.00,51.00,2.00,1,0.00,0.00,0.00,0,0,0,0,0,0,0,0,0,0,0,0,0,0,0,0,0,1,0,0,0,0,0
269,1,1523.89,109.00,3.00,0,0.00,0.00,0.00,0,1,1,0,0,0,0,0,0,0,0,0,0,0,0,0,0,0,0,0,0,0,0
275,0,400.00,75.00,2.00,1,0.00,0.00,0.00,0,0,0,0,0,0,0,0,0,0,0,0,0,0,0,0,0,1,1,1,0,0,0
281,1,520.00,40.00,1.00,0,0.00,0.00,0.00,0,0,1,0,0,0,0,0,0,0,0,0,0,0,0,0,0,1,0,0,0,1,0
282,1,300.00,20.00,0.00,0,0.00,0.00,0.00,0,0,0,0,0,0,0,0,0,0,0,1,0,0,0,0,0,0,1,0,0,0,1
294,1,251.31,0.00,1.00,0,0.00,0.00,0.00,0,0,0,0,0,0,0,0,0,0,0,0,0,0,0,0,0,1,1,0,1,0,0
297,1,595.00,46.00,1.00,0,0.00,0.00,0.00,0,0,0,0,0,0,0,0,0,0,0,1,1,0,0,0,0,1,1,0,1,0,1
301,0,300.00,40.00,1.00,1,0.00,0.00,0.00,0,0,0,0,0,0,0,0,0,0,1,0,0,0,0,0,0,1,0,0,0,1,1
311,1,750.00,53.00,2.00,0,0.00,0.00,0.00,0,0,0,0,1,0,0,0,0,0,0,0,0,0,0,0,0,1,0,0,0,0,0
314,1,750.00,72.00,2.50,0,0.00,0.00,0.00,0,0,1,0,0,0,0,0,0,0,0,0,0,0,0,0,0,1,1,0,0,0,0
222,1,500.00,52.00,2.00,0,0.00,0.00,0.00,0,1,1,0,0,0,0,0,0,0,0,0,0,0,0,0,0,1,0,0,0,0,0
224,0,600.00,90.00,2.00,0,0.00,0.00,0.00,0,0,0,0,0,0,0,0,0,0,0,0,0,0,0,0,0,0,0,0,0,0,0
253,1,400.00,20.00,1.00,0,0.00,0.00,0.00,0,0,0,0,0,0,0,0,0,0,0,0,0,0,0,0,0,0,0,0,0,0,1
254,1,450.00,30.00,0.00,0,0.00,0.00,0.00,0,1,1,0,0,0,0,0,0,0,0,0,0,0,0,0,0,1,0,0,0,0,0
258,0,720.00,144.00,3.50,0,0.00,0.00,0.00,0,0,0,0,0,0,0,0,0,0,0,0,0,0,0,0,0,0,0,0,0,0,0
261,1,480.00,48.00,2.50,0,0.00,0.00,0.00,0,0,0,0,0,0,0,0,0,0,0,0,0,0,0,0,0,1,1,0,0,0,0
263,1,400.00,20.00,1.00,0,0.00,0.00,0.00,0,0,0,0,0,0,0,0,0,0,0,0,0,0,0,0,0,0,0,0,0,0,1
267,1,395.00,31.00,1.00,0,0.00,0.00,0.00,0,1,1,0,0,0,0,0,0,0,0,0,0,0,0,0,0,1,0,0,0,0,0
273,0,670.00,55.00,1.00,1,0.00,0.00,0.00,0,0,0,0,0,0,0,0,0,0,0,0,0,0,0,0,0,0,1,0,0,0,0
288,1,810.00,70.00,3.00,0,0.00,0.00,0.00,0,0,1,0,0,0,0,0,0,0,0,0,0,0,0,0,0,1,1,0,0,0,0
317,1,729.00,60.00,2.00,0,0.00,0.00,0.00,0,0,0,0,0,0,0,0,0,0,0,0,0,0,0,0,0,1,1,0,0,0,0
320,1,700.00,68.00,2.00,0,0.00,0.00,0.00,0,0,0,0,0,0,0,0,0,0,0,0,0,0,0,1,0,1,1,0,0,0,0
323,1,630.00,62.00,2.00,0,0.00,0.00,0.00,0,1,1,0,0,0,0,0,0,0,0,0,0,0,0,0,0,1,1,0,1,0,1
201,1,700.00,67.00,2.00,1,0.00,0.00,0.00,0,0,1,0,0,0,0,0,0,0,1,0,0,0,0,0,0,1,1,0,0,0,0
202,1,680.00,54.00,2.00,0,0.00,0.00,0.00,0,0,0,0,0,0,0,0,0,0,0,1,1,0,0,0,0,1,1,0,0,1,0
203,1,670.00,69.00,2.00,0,0.00,0.00,0.00,0,0,0,0,0,0,0,0,0,0,0,0,0,0,0,0,0,1,0,0,0,0,0
204,1,690.00,63.00,2.00,0,0.00,0.00,0.00,0,0,1,0,0,0,0,0,0,0,0,0,0,0,0,0,1,1,1,0,0,0,0
205,1,660.00,40.00,2.00,0,0.00,0.00,0.00,0,0,1,0,0,0,0,0,0,0,0,0,0,0,0,0,0,1,0,1,0,0,0
206,1,568.00,46.00,2.00,0,0.00,0.00,0.00,0,0,0,0,0,0,0,0,0,0,0,0,0,0,0,0,0,1,1,0,0,0,0
207,1,688.58,84.00,3.00,0,0.00,0.00,0.00,0,0,0,0,0,0,0,0,0,0,0,0,0,0,0,0,0,0,0,0,0,0,0
208,1,700.00,68.00,2.00,0,0.00,0.00,0.00,0,0,0,0,0,0,0,0,0,0,0,0,0,0,0,0,0,0,0,0,0,0,0
209,1,695.00,60.00,2.00,0,0.00,0.00,0.00,0,0,1,0,0,0,0,0,0,0,1,0,1,0,0,0,0,0,1,0,0,0,0
210,1,690.00,64.00,2.00,0,0.00,0.00,0.00,0,0,1,0,0,0,0,0,0,0,0,0,0,0,0,0,0,0,1,0,1,0,0
211,1,680.00,55.00,2.00,0,0.00,0.00,0.00,0,0,1,0,0,0,0,0,0,0,0,0,0,0,0,0,0,1,0,0,0,0,0
212,1,660.00,50.00,2.00,0,0.00,0.00,0.00,0,0,1,0,0,0,0,0,0,0,0,0,0,0,0,0,0,1,1,0,0,0,0
213,1,695.00,90.00,3.00,0,0.00,0.00,0.00,0,0,0,0,0,0,0,0,0,0,0,1,0,0,0,0,0,0,1,0,0,1,1
214,1,700.00,60.00,2.00,0,0.00,0.00,0.00,0,0,0,0,0,0,0,0,0,0,0,0,0,0,0,0,0,1,1,0,0,0,0
215,1,690.00,68.00,2.00,0,0.00,0.00,0.00,0,0,0,0,0,0,0,0,0,0,0,0,0,0,0,0,0,1,0,0,0,0,0
216,1,700.00,50.00,3.00,1,0.00,0.00,0.00,0,0,0,0,0,0,0,0,0,0,0,0,0,0,0,0,0,1,1,0,0,0,0
217,1,700.00,55.00,2.00,0,0.00,0.00,0.00,0,0,1,0,0,0,1,0,0,0,0,0,0,1,0,0,0,1,1,0,0,0,0
218,1,550.00,48.00,3.50,0,0.00,0.00,0.00,0,0,1,0,0,0,0,0,0,0,0,0,0,0,0,1,0,1,1,0,0,0,0
219,1,650.00,40.00,2.00,0,0.00,0.00,0.00,0,0,0,0,0,0,0,0,0,0,0,0,0,0,0,0,0,1,0,0,0,0,0
252,1,795.00,90.00,2.50,0,0.00,0.00,0.00,0,1,1,0,0,0,0,0,0,0,0,0,0,0,0,0,0,1,0,0,1,0,0
277,1,420.00,33.00,1.00,0,0.00,0.00,0.00,0,0,0,0,0,0,0,0,0,0,0,0,0,0,0,0,0,0,1,0,0,0,0
280,1,880.00,88.00,3.00,0,0.00,0.00,0.00,0,0,1,0,0,0,0,0,0,0,0,1,0,0,0,0,0,1,0,1,0,0,0
312,1,430.00,30.00,1.00,0,0.00,0.00,0.00,0,0,1,0,0,0,0,1,0,0,0,0,0,0,0,0,0,1,0,0,0,0,0
220,1,500.00,40.00,2.50,0,0.00,0.00,0.00,0,0,0,0,0,0,0,0,0,0,0,0,0,0,0,0,0,0,0,0,0,0,0
0,0,400.00,35.00,0.00,0,0.00,0.00,0.00,0,0,0,0,0,0,0,0,0,0,0,0,0,0,0,0,0,0,0,0,0,0,0
2,0,360.00,98.00,3.00,1,0.00,0.00,0.00,0,0,0,0,0,0,0,0,0,0,0,0,0,0,0,0,0,1,1,0,0,0,0
3,0,300.00,50.00,2.00,1,0.00,0.00,0.00,0,0,0,0,0,0,0,0,0,0,1,0,0,0,0,0,0,1,1,0,0,0,0
4,0,390.00,51.00,2.00,0,0.00,0.00,0.00,0,0,0,0,0,0,0,0,0,0,0,0,0,0,0,0,0,1,1,0,0,0,0
6,0,300.00,70.00,2.00,1,0.00,0.00,0.00,0,0,0,0,0,0,0,0,0,0,1,0,0,0,0,0,0,1,1,0,0,0,0
7,0,300.00,59.00,2.00,1,0.00,0.00,0.00,0,0,0,0,0,0,0,0,0,0,1,1,0,0,0,0,0,1,1,0,0,1,0
8,0,400.00,68.00,2.00,1,0.00,0.00,0.00,0,0,0,0,0,0,0,0,0,0,0,0,0,0,0,0,0,0,0,0,0,0,0
10,1,316.00,28.00,0.00,0,0.00,0.00,0.00,0,1,0,0,0,0,0,0,0,0,0,0,0,0,0,0,0,0,1,0,0,0,1
11,0,390.00,65.00,2.00,1,0.00,0.00,0.00,0,0,0,0,0,0,0,0,0,0,0,0,0,0,0,0,0,0,0,0,0,0,0
12,0,360.00,30.00,1.00,1,0.00,0.00,0.00,0,0,0,0,0,0,0,0,0,0,0,0,0,0,0,0,0,0,1,0,0,0,0
15,0,400.00,65.00,2.00,1,0.00,0.00,0.00,0,0,0,0,0,0,0,0,0,0,0,0,0,0,0,0,0,1,1,0,0,0,1
17,0,310.00,27.00,1.00,1,0.00,0.00,0.00,0,0,0,0,0,0,0,0,0,0,0,0,0,0,0,0,0,1,1,0,0,0,0
18,1,309.00,0.00,1.00,0,0.00,0.00,0.00,0,0,1,0,1,1,0,0,0,0,0,1,0,0,0,0,0,1,1,0,0,1,0
19,0,150.00,105.00,4.00,0,0.00,0.00,0.00,0,0,0,0,0,0,0,0,0,0,0,0,0,0,0,0,0,0,0,0,0,0,0
20,1,390.00,36.00,1.50,0,0.00,0.00,0.00,0,0,1,0,0,0,0,0,0,0,0,0,0,0,0,0,0,1,1,0,1,0,0
22,0,400.00,28.00,1.00,0,0.00,0.00,0.00,0,0,0,0,0,0,0,0,0,0,0,0,0,0,0,0,0,0,1,0,0,0,0
23,0,350.00,50.00,2.00,1,0.00,0.00,0.00,0,0,0,0,0,0,0,0,0,0,0,0,0,0,0,0,0,1,1,0,0,0,0
25,0,300.00,60.00,2.00,1,0.00,0.00,0.00,0,0,0,0,0,0,0,0,0,0,1,0,0,0,0,0,0,1,1,0,0,0,0
26,0,300.00,33.00,1.00,1,0.00,0.00,0.00,0,0,0,0,0,0,0,0,0,0,0,0,0,0,0,0,0,1,1,0,0,0,0
27,1,380.00,25.00,1.00,0,0.00,0.00,0.00,0,0,1,0,0,0,0,0,0,0,0,0,0,0,0,0,0,1,0,0,0,0,0
28,1,380.00,25.00,1.50,0,0.00,0.00,0.00,0,0,0,0,0,0,0,0,0,0,0,0,0,0,0,0,0,1,1,0,0,0,0
30,1,399.00,36.00,1.00,0,0.00,0.00,0.00,0,0,1,0,0,0,0,0,0,0,0,0,1,0,0,0,0,1,1,0,1,0,0
31,1,359.00,35.00,0.00,0,0.00,0.00,0.00,0,0,0,0,0,0,0,0,0,0,0,0,0,0,0,0,0,1,1,0,1,0,0
32,0,400.00,1.00,1.00,0,0.00,0.00,0.00,0,0,0,0,0,0,0,0,0,0,0,0,0,0,0,0,0,1,1,0,0,0,0
33,1,239.00,0.00,0.00,0,0.00,0.00,0.00,0,0,1,0,0,0,0,0,0,0,0,0,0,0,0,0,0,1,1,0,1,0,0
35,0,400.00,72.00,2.00,1,0.00,0.00,0.00,0,0,0,0,0,0,0,0,0,0,1,0,0,0,0,0,0,1,0,0,0,0,0
36,1,390.00,36.00,1.50,0,0.00,0.00,0.00,0,0,1,0,0,0,0,0,0,0,0,0,0,0,0,0,0,1,1,0,1,0,0
38,1,360.00,30.00,1.00,0,0.00,0.00,0.00,0,0,0,0,0,0,0,0,0,0,1,0,0,0,0,0,0,1,1,0,0,0,0
39,0,350.00,48.00,2.00,1,0.00,0.00,0.00,0,0,0,0,0,0,0,0,0,0,1,0,1,0,0,0,0,1,1,0,0,0,0
43,0,400.00,50.00,2.00,1,0.00,0.00,0.00,0,0,0,0,0,0,0,0,0,0,1,0,0,0,0,0,0,1,1,0,0,0,1
44,1,400.00,40.00,1.00,0,0.00,0.00,0.00,0,0,0,0,0,0,0,0,0,0,0,0,0,0,0,0,0,0,0,0,0,0,0
49,0,300.00,59.00,2.00,1,0.00,0.00,0.00,0,0,0,0,0,0,0,0,0,0,1,1,0,0,0,0,0,1,1,0,0,1,0
51,0,395.00,29.00,1.00,1,0.00,0.00,0.00,0,0,0,0,0,0,0,0,0,0,0,0,0,0,0,1,0,1,1,0,0,0,0
52,1,400.00,22.00,2.00,0,0.00,0.00,0.00,0,1,1,0,0,0,0,0,0,0,0,1,0,0,0,0,0,1,1,0,0,1,0
53,1,250.00,15.00,1.00,0,0.00,0.00,0.00,1,0,1,0,0,1,0,0,0,0,0,0,0,0,0,0,0,0,0,0,1,0,0
54,0,380.00,50.00,2.00,1,0.00,0.00,0.00,0,0,1,0,0,0,0,0,0,0,0,0,0,0,0,0,0,0,1,0,0,0,0
55,0,400.00,68.00,2.00,1,0.00,0.00,0.00,0,0,0,0,0,0,0,0,0,0,0,0,0,0,0,0,0,0,0,0,0,0,0
56,1,332.93,33.00,1.00,0,0.00,0.00,0.00,0,1,1,0,0,0,0,0,0,0,0,0,0,0,0,0,0,1,1,1,0,0,0
57,0,350.00,59.00,2.00,1,0.00,0.00,0.00,0,0,0,0,0,0,0,0,0,0,1,1,0,0,0,0,0,1,1,0,0,1,0
59,1,330.00,12.00,1.50,0,0.00,0.00,0.00,0,0,1,0,0,0,0,0,1,0,1,0,0,0,0,0,0,1,0,0,0,0,0
60,1,382.00,57.00,0.00,1,0.00,0.00,0.00,0,0,0,0,0,0,0,0,0,0,1,0,0,0,0,0,0,1,0,0,0,0,0
61,1,400.00,30.00,1.50,0,0.00,0.00,0.00,0,0,1,0,0,0,0,0,0,0,0,1,0,0,0,0,0,1,1,0,0,0,0
62,0,400.00,65.00,2.00,1,0.00,0.00,0.00,0,0,0,0,0,0,0,0,0,0,0,0,0,0,0,0,0,1,1,0,0,0,1
63,0,360.00,100.00,3.00,1,0.00,0.00,0.00,0,0,0,0,0,0,0,0,0,0,0,0,0,0,0,0,0,1,1,0,0,0,0
64,1,400.00,22.00,2.00,0,0.00,0.00,0.00,0,0,0,0,0,0,0,0,0,0,0,1,0,0,0,0,0,1,1,0,0,1,0
67,1,375.00,31.00,1.00,0,0.00,0.00,0.00,0,1,1,0,0,0,0,0,0,0,1,0,0,0,0,0,0,1,1,0,0,0,0
68,1,380.00,25.00,1.50,0,0.00,0.00,0.00,0,0,0,0,0,0,0,0,0,0,0,0,0,0,0,0,0,1,1,0,0,0,0
70,1,359.00,35.00,0.00,0,0.00,0.00,0.00,0,0,0,0,0,0,0,0,0,0,0,0,0,0,0,0,0,1,1,0,1,0,0
71,1,400.00,35.00,1.00,0,0.00,0.00,0.00,0,0,0,0,0,0,0,0,0,0,0,0,0,0,0,0,0,0,0,0,0,0,0
72,1,345.00,30.00,1.00,1,0.00,0.00,0.00,0,0,0,0,0,1,0,0,0,0,1,0,0,0,0,1,0,1,1,0,0,0,0
74,1,380.00,0.00,0.00,0,0.00,0.00,0.00,0,0,1,0,0,0,0,0,0,0,0,0,0,0,0,0,0,1,1,0,1,0,0
75,0,400.00,75.00,2.00,1,0.00,0.00,0.00,0,0,0,0,0,0,0,0,0,0,1,0,0,0,0,0,0,1,1,1,0,0,0
76,0,350.00,50.00,2.00,1,0.00,0.00,0.00,0,0,0,0,0,0,0,0,0,0,1,0,0,0,0,0,0,1,1,0,0,0,1
77,1,380.00,39.00,1.00,1,0.00,0.00,0.00,0,0,1,0,0,0,0,0,0,0,0,1,0,0,0,1,0,1,1,0,1,1,1
78,1,400.00,36.00,0.00,0,0.00,0.00,0.00,0,0,0,0,0,0,0,0,0,0,0,1,0,0,0,0,0,1,0,0,0,0,1
79,0,340.00,100.00,3.00,0,0.00,0.00,0.00,0,0,0,0,0,0,0,0,0,0,0,0,0,0,0,0,0,1,0,0,0,0,0
83,0,400.00,50.00,2.00,1,0.00,0.00,0.00,0,0,0,0,0,0,0,0,0,0,1,0,0,0,0,0,0,1,1,0,0,0,1
84,0,400.00,50.00,2.00,1,0.00,0.00,0.00,0,0,0,0,0,0,0,0,0,0,1,0,0,0,0,0,0,1,1,0,0,0,1
85,0,400.00,76.00,2.00,1,0.00,0.00,0.00,0,0,0,0,0,0,0,0,0,0,1,0,0,0,0,0,0,1,0,0,0,0,0
86,0,400.00,60.00,2.00,1,0.00,0.00,0.00,0,0,0,0,0,0,0,0,0,0,1,0,0,0,0,0,0,1,1,0,0,0,1
87,1,350.00,61.00,0.00,0,0.00,0.00,0.00,0,0,1,0,0,0,0,0,0,0,1,0,0,0,0,0,0,0,0,0,0,0,0
88,0,350.00,36.00,1.00,1,0.00,0.00,0.00,0,0,0,0,0,0,0,0,0,0,1,0,0,0,0,0,0,1,1,0,0,0,0
90,0,360.00,30.00,1.00,1,0.00,0.00,0.00,0,0,0,1,0,0,0,0,0,0,0,0,0,0,0,0,0,0,1,0,0,0,0
91,1,250.00,15.00,1.00,0,0.00,0.00,0.00,1,0,1,0,0,1,0,0,0,0,0,0,0,0,0,0,0,0,0,0,1,0,0
92,0,300.00,40.00,1.00,1,0.00,0.00,0.00,0,0,0,0,0,0,0,0,0,0,1,0,0,0,0,0,0,1,0,0,0,1,1
93,0,300.00,43.00,1.00,1,0.00,0.00,0.00,0,0,0,0,0,0,0,0,0,0,1,1,0,0,0,0,0,1,0,0,0,0,1
94,0,300.00,33.00,1.00,1,0.00,0.00,0.00,0,0,0,0,0,0,0,0,0,0,0,0,0,0,0,0,0,1,1,0,0,0,0
97,1,298.70,25.00,1.00,0,0.00,0.00,0.00,0,0,1,0,0,1,0,0,0,0,0,0,0,0,0,0,0,1,1,0,0,0,0
98,0,340.00,30.00,1.00,1,0.00,0.00,0.00,0,0,0,0,0,0,0,0,0,0,0,0,0,0,0,0,0,1,1,0,0,0,0
101,1,390.00,39.00,0.00,0,0.00,0.00,0.00,0,0,1,0,0,0,0,0,0,0,0,0,0,0,0,0,0,1,1,0,1,0,0
103,1,345.00,30.00,1.00,1,0.00,0.00,0.00,0,0,0,0,0,1,0,0,0,0,1,0,0,0,0,1,0,1,1,0,0,0,0
104,1,365.00,30.00,1.00,0,0.00,0.00,0.00,0,0,1,0,0,0,0,0,0,0,0,1,0,0,0,0,0,1,1,0,1,0,1
105,0,130.00,80.00,3.00,0,0.00,0.00,0.00,0,0,0,0,0,0,0,0,0,0,0,0,0,0,0,0,0,0,0,0,0,0,0
106,1,399.00,36.00,1.00,0,0.00,0.00,0.00,0,0,1,0,0,0,0,0,0,0,0,0,1,0,0,0,0,1,1,0,1,0,0
107,1,380.00,25.00,1.00,0,0.00,0.00,0.00,1,0,1,0,0,0,0,0,0,0,0,0,0,0,0,0,0,1,0,0,0,0,0
108,1,400.00,28.00,0.00,0,0.00,0.00,0.00,0,0,0,0,0,0,0,0,0,0,0,0,0,0,0,0,0,1,0,0,0,0,0
110,1,392.09,31.00,1.00,0,0.00,0.00,0.00,0,1,1,0,0,0,0,0,0,0,1,0,0,0,0,0,0,1,1,0,0,0,0
112,0,400.00,51.00,1.00,1,0.00,0.00,0.00,0,0,0,0,0,0,0,0,0,0,0,0,0,0,0,1,0,1,1,0,0,0,0
114,0,400.00,57.00,1.00,1,0.00,0.00,0.00,0,0,0,0,0,0,0,0,0,0,0,0,0,0,0,0,0,1,1,0,0,0,0
115,1,190.00,35.00,1.00,0,0.00,0.00,0.00,0,0,0,0,0,0,0,0,0,0,0,0,1,0,0,1,0,1,0,0,0,0,1
116,0,300.00,38.00,1.00,1,0.00,0.00,0.00,0,0,0,0,0,0,0,0,0,0,1,0,0,0,0,0,0,1,1,0,0,0,0
117,0,120.00,150.00,3.00,0,0.00,0.00,0.00,0,0,0,0,0,0,0,0,0,0,0,0,0,0,0,0,0,0,0,0,0,0,0
119,1,400.00,28.00,1.00,0,0.00,0.00,0.00,0,0,1,0,0,0,0,0,0,0,0,0,0,0,0,0,0,1,0,0,0,0,0
120,1,350.00,0.00,0.00,0,0.00,0.00,0.00,0,0,0,0,0,1,0,0,1,0,0,1,0,0,0,0,0,1,0,0,0,0,1
223,0,650.00,65.00,2.00,1,0.00,0.00,0.00,0,0,0,0,0,0,0,0,0,0,0,0,0,0,0,0,0,1,1,0,0,0,0
284,1,1060.00,75.00,3.00,0,0.00,0.00,0.00,0,0,1,0,0,0,0,0,0,0,0,0,0,0,1,0,0,1,0,0,0,0,1
286,1,583.00,55.00,2.00,0,0.00,0.00,0.00,0,0,0,0,0,0,0,0,0,0,0,1,0,0,0,0,0,1,1,0,0,0,0
293,1,875.00,67.00,3.00,0,0.00,0.00,0.00,0,0,0,0,0,0,0,0,0,0,0,0,0,0,0,0,0,1,1,0,0,0,0
298,1,750.00,60.00,2.00,1,0.00,0.00,0.00,0,0,0,0,0,0,0,0,0,0,1,0,0,0,0,0,0,0,1,0,0,0,0
324,0,600.00,84.00,3.00,1,0.00,0.00,0.00,0,0,0,0,0,0,0,0,0,0,0,0,0,0,0,1,0,1,1,0,0,0,0
234,1,825.00,65.00,2.00,0,0.00,0.00,0.00,0,0,0,0,0,0,0,0,0,0,0,0,0,0,0,0,0,1,0,0,0,0,0
235,1,1122.00,125.00,4.00,0,0.00,0.00,0.00,0,0,0,0,0,0,0,0,0,0,0,0,0,0,0,0,0,1,1,0,0,0,0
236,1,2295.21,136.00,4.00,0,0.00,0.00,0.00,0,0,0,0,0,0,0,0,0,0,0,0,0,0,0,0,0,0,1,0,1,0,0
237,1,1295.00,79.00,3.00,0,0.00,0.00,0.00,0,0,0,0,0,0,0,0,0,0,0,0,0,0,0,0,0,1,1,0,0,0,0
238,1,880.00,50.00,2.00,0,0.00,0.00,0.00,0,1,1,0,0,0,0,0,0,0,0,1,0,0,1,0,0,1,1,0,1,0,1
239,1,1216.00,91.00,4.00,0,0.00,0.00,0.00,0,0,1,0,0,0,0,0,0,0,0,0,1,0,1,0,0,1,1,0,0,0,1
240,1,1040.34,89.00,3.00,0,0.00,0.00,0.00,0,0,1,0,0,0,0,0,0,0,0,0,1,0,1,0,0,1,1,0,0,0,1
241,1,950.00,65.00,2.00,0,0.00,0.00,0.00,0,0,0,0,0,0,0,0,0,0,0,0,0,0,0,0,0,1,1,0,0,0,0
242,1,1190.00,90.00,4.00,0,0.00,0.00,0.00,0,0,1,0,0,0,0,0,0,0,0,0,1,0,0,0,0,1,1,0,0,0,0
243,1,583.00,55.00,2.00,0,0.00,0.00,0.00,0,0,0,0,0,0,0,0,0,0,0,1,0,0,0,0,0,1,1,0,0,0,0
244,1,590.00,0.00,1.00,0,0.00,0.00,0.00,0,0,1,0,0,0,0,0,0,0,0,0,0,0,0,0,0,1,1,0,0,0,0
245,1,520.00,35.00,1.00,0,0.00,0.00,0.00,0,0,1,0,0,0,0,0,0,0,0,0,0,0,0,0,0,0,0,0,1,0,0
246,1,300.00,60.00,0.00,0,0.00,0.00,0.00,0,0,0,0,0,0,0,0,1,0,0,0,0,0,0,0,0,1,0,0,0,0,0
247,1,360.00,0.00,0.00,0,0.00,0.00,0.00,0,0,0,0,0,1,0,0,1,0,0,1,0,0,0,0,0,1,0,0,0,0,1
248,1,400.00,22.00,0.00,0,0.00,0.00,0.00,0,0,0,0,0,0,0,0,0,0,0,0,0,0,0,0,0,1,0,0,0,0,0
250,1,750.00,53.00,2.00,0,0.00,0.00,0.00,0,0,1,0,0,0,0,0,0,0,0,0,0,0,0,0,1,0,1,0,1,0,0
292,1,807.00,91.00,3.00,0,0.00,0.00,0.00,0,0,0,0,0,0,0,0,0,0,0,0,0,0,0,0,0,1,0,0,0,0,0
304,0,500.00,500.00,2.00,1,0.00,0.00,0.00,0,0,0,0,0,0,0,0,0,0,0,0,0,0,0,0,0,1,1,0,0,0,0
291,0,670.00,50.00,1.00,1,0.00,0.00,0.00,0,0,0,0,0,0,0,0,0,0,0,0,0,0,0,0,0,0,1,0,0,0,0
295,1,1290.00,71.00,2.00,0,0.00,0.00,0.00,0,1,1,0,0,0,0,0,0,0,0,0,1,0,0,0,0,1,0,0,1,1,0
296,1,490.00,52.00,2.00,0,0.00,0.00,0.00,0,1,1,0,0,0,0,0,0,0,0,1,0,0,0,0,0,1,1,0,1,0,0
302,0,350.00,72.00,2.00,1,0.00,0.00,0.00,0,0,0,0,0,0,0,0,0,0,1,0,0,0,0,0,0,1,0,0,0,0,0
306,0,650.00,65.00,2.00,1,0.00,0.00,0.00,0,0,0,0,0,0,0,0,0,0,0,0,0,0,0,0,0,1,1,0,0,0,0
305,1,752.00,47.00,1.00,0,0.00,0.00,0.00,0,0,0,0,0,0,0,0,0,0,0,0,0,0,0,0,0,1,1,0,0,0,0
307,1,900.00,72.00,2.00,0,0.00,0.00,0.00,0,0,0,0,0,0,0,0,0,0,0,0,0,0,0,0,0,1,1,0,1,0,0
309,1,720.00,62.00,2.00,0,0.00,0.00,0.00,0,0,1,0,0,0,0,0,0,0,0,0,0,0,0,0,0,1,1,0,0,0,0
319,0,690.00,42.00,1.50,0,0.00,0.00,0.00,0,0,0,0,0,0,0,0,0,0,0,1,0,0,0,0,0,0,1,0,0,0,1
321,1,450.00,36.00,1.50,0,0.00,0.00,0.00,0,0,0,0,0,0,0,0,0,0,0,0,0,0,0,0,0,1,0,0,0,0,1
308,1,337.00,33.00,2.00,0,0.00,0.00,0.00,0,0,0,0,0,0,0,0,0,0,0,0,0,0,0,1,0,1,1,0,0,0,0
310,1,720.00,62.00,2.00,0,0.00,0.00,0.00,0,0,1,0,0,0,0,0,0,0,0,0,0,0,0,0,0,1,1,0,0,0,0
318,1,725.00,54.00,3.00,0,0.00,0.00,0.00,0,1,1,0,0,0,0,0,0,0,0,1,1,0,0,0,0,1,1,0,1,0,1
316,0,650.00,75.00,0.00,1,0.00,0.00,0.00,0,0,0,0,0,0,0,0,0,0,0,0,0,0,0,0,0,1,0,0,0,0,0
322,1,675.00,44.00,2.00,0,0.00,0.00,0.00,0,1,1,0,1,0,0,0,0,0,0,0,0,0,0,0,0,1,1,0,0,0,0
